index,zone,geoid
0,1,31039
1,3,53069
2,2,35011
3,1,31109
4,1,31129
5,1,46099
6,3,48327
7,2,06091
8,2,21053
9,1,39063
10,2,48189
11,1,01027
12,2,48011
13,1,39003
14,3,13189
15,2,55111
16,2,05137
17,3,41063
18,1,42007
19,3,28061
20,2,29083
21,2,08109
22,3,37037
23,2,49033
24,2,40001
25,2,39085
26,1,51775
27,1,51121
28,2,47065
29,2,35035
30,2,35003
31,3,01091
32,1,56023
33,2,29011
34,3,48057
35,3,51735
36,1,54075
37,3,48077
38,3,51095
39,2,31101
40,1,31137
41,3,22019
42,3,22111
43,2,40135
44,2,01049
45,1,36101
46,2,42053
47,3,22105
48,1,51179
49,2,26109
50,2,18073
51,3,13025
52,2,13171
53,1,18151
54,3,48361
55,1,39047
56,2,25015
57,1,21003
58,3,37001
59,2,20073
60,3,25025
61,2,16051
62,3,48177
63,2,47115
64,2,26007
65,2,21231
66,2,47185
67,3,48147
68,2,20043
69,3,48265
70,3,12053
71,3,12129
72,3,12131
73,2,28017
74,2,02130
75,3,26035
76,1,20157
77,3,12127
78,3,40017
79,2,13115
80,2,32001
81,1,31181
82,1,17067
83,1,46067
84,2,41013
85,2,50011
86,2,26103
87,1,09007
88,3,37057
89,2,17025
90,2,29103
91,2,29117
92,1,42117
93,1,31043
94,2,26089
95,3,51181
96,3,48391
97,1,39017
98,3,13273
99,2,13063
100,1,56013
101,2,18115
102,3,13073
103,1,08115
104,2,30065
105,1,42043
106,1,46101
107,2,54079
108,1,34037
109,1,20039
110,2,18123
111,2,28145
112,1,31015
113,2,27095
114,1,38099
115,2,39115
116,2,39133
117,1,56041
118,2,32013
119,3,48247
120,1,08017
121,3,41005
122,3,05113
123,3,13193
124,1,18007
125,3,47129
126,1,46043
127,3,24047
128,2,17185
129,1,18069
130,1,21209
131,1,19053
132,1,18169
133,1,18003
134,1,18099
135,3,31171
136,1,38085
137,3,48127
138,1,27045
139,3,45023
140,1,27073
141,2,49005
142,1,55093
143,3,13049
144,3,13233
145,1,17113
146,1,23001
147,1,16055
148,3,32003
149,1,20147
150,3,31089
151,2,29101
152,2,55063
153,3,22021
154,2,21061
155,2,17005
156,1,17009
157,1,27085
158,2,55033
159,1,08027
160,2,29123
161,3,48353
162,2,42127
163,2,36091
164,3,48041
165,3,40095
166,2,24001
167,1,54103
168,2,55053
169,2,41007
170,3,53041
171,1,36003
172,1,19031
173,1,18117
174,1,13089
175,2,13227
176,1,30015
177,3,31017
178,3,47013
179,2,37069
180,2,24510
181,2,20111
182,1,19027
183,3,22107
184,1,47123
185,1,20075
186,1,19151
187,3,16045
188,2,05063
189,3,05085
190,2,18111
191,2,13119
192,3,12051
193,3,13265
194,3,48245
195,1,30059
196,1,08067
197,3,48027
198,3,28069
199,3,05019
200,2,41035
201,2,36075
202,2,01019
203,3,48019
204,1,30087
205,2,35059
206,3,26153
207,1,36111
208,2,34007
209,1,17083
210,3,51085
211,1,20199
212,2,26003
213,2,05049
214,3,48215
215,3,37155
216,3,26123
217,2,41049
218,1,27153
219,3,05083
220,2,37109
221,3,05091
222,3,12095
223,2,08111
224,2,16041
225,2,13045
226,1,20161
227,3,48413
228,1,51167
229,2,37027
230,2,16065
231,2,18173
232,1,21001
233,2,21077
234,1,21097
235,2,23023
236,2,30097
237,3,48181
238,2,42059
239,3,02188
240,1,20051
241,2,01065
242,2,01105
243,1,01033
244,1,20151
245,1,21017
246,1,47149
247,3,13075
248,1,20101
249,3,40059
250,1,17147
251,2,48107
252,2,01063
253,1,16033
254,1,19109
255,1,38013
256,3,37063
257,1,19085
258,2,31103
259,1,19187
260,2,17151
261,1,47159
262,1,51089
263,3,51510
264,1,19101
265,1,30049
266,1,49013
267,3,40003
268,3,48119
269,1,47169
270,2,21193
271,1,46039
272,3,41029
273,3,48507
274,2,31007
275,1,19121
276,3,12011
277,3,13279
278,2,26151
279,3,48397
280,3,26163
281,1,27105
282,2,27001
283,1,38071
284,3,37145
285,1,20195
286,3,28151
287,3,48133
288,3,28055
289,3,48123
290,3,48005
291,3,45081
292,2,29125
293,3,05001
294,2,29109
295,2,51540
296,1,17011
297,2,39145
298,2,37115
299,2,16053
300,2,39163
301,3,48309
302,1,16037
303,1,19089
304,3,12099
305,3,13181
306,3,01013
307,2,47165
308,3,51097
309,2,05015
310,1,51820
311,3,02220
312,2,41051
313,3,47061
314,1,27057
315,1,38081
316,2,36089
317,2,29179
318,3,06067
319,2,39125
320,1,18179
321,2,51063
322,1,06083
323,3,54005
324,3,28009
325,2,21055
326,1,19147
327,1,19159
328,3,37151
329,2,24015
330,1,18171
331,1,31077
332,1,31095
333,1,31151
334,2,21119
335,1,19045
336,1,27063
337,1,27039
338,1,27047
339,2,06009
340,2,25001
341,3,51119
342,2,42065
343,2,18089
344,1,47003
345,2,47027
346,1,17029
347,3,47097
348,2,41001
349,1,36097
350,3,26159
351,1,17131
352,2,21127
353,2,21175
354,2,21177
355,2,17049
356,1,47105
357,1,46025
358,3,15003
359,3,12041
360,1,18157
361,1,42109
362,3,48277
363,2,12086
364,2,31057
365,3,48289
366,1,08097
367,1,38035
368,2,18091
369,1,18057
370,3,51595
371,3,40081
372,1,20071
373,2,13145
374,3,13251
375,3,48433
376,2,39069
377,2,33009
378,2,29145
379,2,18129
380,3,48311
381,2,17035
382,2,13297
383,1,27121
384,2,51157
385,2,51009
386,1,06111
387,2,17033
388,1,08093
389,2,06037
390,2,04027
391,3,13129
392,1,19025
393,3,12055
394,1,51580
395,2,50017
396,1,20113
397,2,04021
398,2,39051
399,2,08003
400,2,12017
401,2,47041
402,1,42031
403,1,46097
404,1,46073
405,1,18031
406,2,18037
407,3,51057
408,3,45089
409,3,36031
410,1,19195
411,3,40063
412,2,51027
413,1,51005
414,2,28087
415,1,18143
416,1,08099
417,3,48435
418,3,40101
419,2,29043
420,3,28073
421,2,18137
422,1,38057
423,2,13147
424,3,22049
425,3,51133
426,3,48157
427,1,55047
428,1,30073
429,1,55127
430,1,32021
431,1,17057
432,3,36103
433,1,18161
434,2,29119
435,2,31157
436,1,35047
437,2,01081
438,3,48367
439,1,38021
440,1,38003
441,1,27143
442,2,13293
443,3,06097
444,3,26033
445,2,16019
446,2,13013
447,3,13183
448,3,48271
449,3,40115
450,1,42033
451,2,26037
452,2,17135
453,2,28003
454,3,28071
455,3,22043
456,1,29005
457,1,17115
458,1,26149
459,2,17055
460,1,30033
461,1,31001
462,1,27109
463,2,34039
464,3,01097
465,1,46087
466,2,01057
467,3,01017
468,3,37131
469,1,08081
470,1,21087
471,2,18047
472,3,37013
473,1,38015
474,3,37159
475,2,26071
476,1,27067
477,2,21237
478,3,48149
479,2,46081
480,2,23029
481,3,48045
482,3,26131
483,3,28015
484,3,41003
485,1,27133
486,1,42063
487,3,22061
488,1,42099
489,2,46137
490,3,48203
491,2,26013
492,3,40131
493,2,29019
494,3,40015
495,1,08059
496,2,54011
497,3,48383
498,3,05141
499,1,08117
500,2,20035
501,3,05071
502,3,36041
503,1,51045
504,3,48083
505,3,02290
506,2,04017
507,3,28085
508,2,48357
509,3,48103
510,1,56003
511,1,47081
512,3,28143
513,2,29081
514,1,18005
515,2,13223
516,2,39015
517,2,47141
518,1,38101
519,1,25027
520,1,39091
521,3,06031
522,3,06073
523,3,13079
524,1,29037
525,1,36027
526,3,48477
527,1,08101
528,2,29067
529,1,38009
530,3,37051
531,1,56017
532,2,26001
533,2,06061
534,2,05129
535,2,48305
536,1,36077
537,3,37153
538,3,37093
539,1,31131
540,1,42023
541,3,45035
542,1,27161
543,1,46015
544,2,47177
545,2,17023
546,1,21201
547,3,47095
548,3,45015
549,2,05051
550,2,20139
551,2,39155
552,3,48333
553,2,48359
554,1,42019
555,1,16049
556,1,20115
557,1,51029
558,3,37025
559,2,29225
560,2,49011
561,1,27033
562,3,12093
563,2,13291
564,1,19013
565,3,48403
566,1,39131
567,2,01125
568,3,01131
569,3,28097
570,1,31099
571,1,31087
572,2,10003
573,2,16081
574,1,17161
575,3,51073
576,3,05133
577,1,18017
578,2,16077
579,1,18015
580,3,42101
581,1,56043
582,3,37029
583,1,36109
584,3,05069
585,3,05079
586,1,55123
587,1,29093
588,3,48223
589,1,36001
590,3,48225
591,2,39111
592,1,20165
593,1,18107
594,1,20187
595,2,21129
596,2,27071
597,3,48029
598,1,08013
599,1,47089
600,2,40097
601,1,27165
602,1,16013
603,3,22053
604,1,46119
605,1,08031
606,3,40029
607,1,30011
608,3,48461
609,2,18051
610,2,31105
611,1,17093
612,3,11001
613,1,08085
614,1,27171
615,2,55059
616,2,08037
617,2,06075
618,1,08113
619,3,02020
620,3,12109
621,3,28019
622,2,29079
623,3,26085
624,3,26139
625,2,17031
626,2,17059
627,3,45047
628,2,20059
629,1,27027
630,3,47075
631,2,49003
632,3,28139
633,1,54051
634,2,54035
635,1,16039
636,1,24005
637,1,38005
638,2,29163
639,2,39087
640,3,29201
641,1,39001
642,3,48143
643,2,13137
644,3,13319
645,1,54061
646,1,39033
647,3,12027
648,1,09011
649,1,39059
650,2,26015
651,2,29209
652,3,51760
653,2,37169
654,1,19039
655,1,19065
656,3,06041
657,2,48381
658,3,48401
659,1,19181
660,1,39161
661,3,12043
662,2,13199
663,2,08023
664,3,48099
665,1,19001
666,3,13053
667,2,06043
668,2,29089
669,3,41047
670,2,55079
671,1,27139
672,1,39129
673,1,51145
674,1,08014
675,1,47099
676,2,26009
677,3,45069
678,1,16009
679,1,17103
680,1,31127
681,3,37031
682,1,20149
683,1,26075
684,3,48091
685,2,25019
686,3,45009
687,3,48007
688,3,13019
689,1,18165
690,3,26143
691,1,37005
692,3,06035
693,1,51610
694,3,12081
695,1,39119
696,1,08015
697,1,08025
698,1,08043
699,3,28109
700,3,28111
701,2,31041
702,3,12013
703,2,21117
704,1,19037
705,1,17037
706,1,19081
707,1,38089
708,3,26095
709,3,40019
710,3,37139
711,1,35055
712,3,28011
713,2,32023
714,1,47073
715,1,38011
716,1,42057
717,3,22055
718,3,48237
719,1,17175
720,3,40055
721,2,48211
722,3,16069
723,1,46129
724,3,06055
725,3,40033
726,2,29221
727,1,36011
728,3,48417
729,3,48407
730,1,19061
731,1,51075
732,1,20181
733,1,39139
734,1,17001
735,1,39021
736,2,33019
737,1,17075
738,1,19157
739,1,39169
740,2,13113
741,3,13141
742,3,48259
743,1,36039
744,1,51137
745,3,40089
746,3,13277
747,1,31025
748,1,46077
749,1,56009
750,3,36043
751,1,38047
752,2,26053
753,1,27005
754,2,01095
755,1,47173
756,1,54057
757,2,55003
758,1,17053
759,1,38029
760,3,06089
761,3,22113
762,2,05121
763,2,55085
764,3,22035
765,3,22037
766,3,22087
767,3,48481
768,3,02198
769,3,02195
770,2,48153
771,3,02275
772,2,21151
773,1,47009
774,1,30031
775,3,45031
776,3,01053
777,2,13143
778,2,20001
779,1,17041
780,2,51079
781,2,55137
782,2,05065
783,2,06053
784,2,35017
785,2,29131
786,2,37193
787,3,02110
788,1,29165
789,1,29021
790,1,01083
791,1,18065
792,1,31143
793,2,39123
794,1,27107
795,1,19165
796,1,24013
797,1,19011
798,2,21159
799,2,27025
800,2,21189
801,1,42015
802,1,54029
803,2,29051
804,3,26021
805,1,42061
806,2,31045
807,1,51141
808,2,26119
809,3,26135
810,1,35007
811,2,17163
812,2,17189
813,1,42009
814,3,05127
815,2,20099
816,2,42073
817,1,39067
818,2,37003
819,3,34009
820,2,33005
821,1,27089
822,3,51101
823,1,08055
824,3,48255
825,2,47023
826,1,17171
827,2,49027
828,2,49029
829,3,48257
830,2,04011
831,2,04013
832,3,26129
833,1,47087
834,2,17159
835,2,01009
836,1,30051
837,3,48131
838,2,29173
839,3,48251
840,3,13061
841,2,41023
842,3,41011
843,3,48159
844,3,36113
845,2,51113
846,3,40005
847,1,17129
848,2,13015
849,3,12069
850,3,40111
851,1,38083
852,1,18049
853,1,20091
854,1,24009
855,2,55129
856,3,53031
857,1,27169
858,3,28149
859,1,29003
860,2,29139
861,2,20021
862,3,37083
863,2,35043
864,2,21051
865,1,42035
866,3,41043
867,1,55065
868,3,40147
869,1,54077
870,1,55135
871,3,48137
872,2,41037
873,2,29153
874,3,48473
875,3,01099
876,2,50009
877,2,51111
878,1,38097
879,2,13139
880,3,13283
881,3,13037
882,2,55125
883,2,27007
884,3,24019
885,1,42037
886,1,39023
887,3,48323
888,2,04019
889,2,35006
890,2,34005
891,2,50021
892,3,13099
893,2,25007
894,1,38049
895,1,31179
896,1,38045
897,1,16023
898,2,33007
899,1,38043
900,3,48273
901,2,18127
902,3,28101
903,3,37163
904,1,47127
905,3,12103
906,2,17065
907,3,05105
908,1,20023
909,1,08029
910,1,19185
911,3,48165
912,2,01093
913,1,37189
914,1,51770
915,3,48317
916,3,48037
917,2,49057
918,2,29127
919,2,36045
920,1,19097
921,1,38063
922,2,36019
923,1,08045
924,2,29177
925,2,39073
926,2,01085
927,3,13043
928,1,19113
929,3,06105
930,3,13215
931,3,28135
932,1,20005
933,3,48003
934,1,39109
935,2,48375
936,3,40133
937,3,45003
938,3,06045
939,3,51550
940,1,56037
941,2,48169
942,1,54031
943,2,55089
944,1,47163
945,2,45059
946,1,56011
947,2,55117
948,2,25013
949,3,48055
950,1,20029
951,2,06027
952,1,01037
953,1,19059
954,2,21095
955,1,20061
956,1,42011
957,2,47019
958,1,27083
959,2,51037
960,1,47179
961,3,45071
962,3,51093
963,2,41069
964,3,29023
965,3,22047
966,3,28125
967,2,51061
968,1,51750
969,1,32005
970,3,12037
971,2,18055
972,1,18139
973,1,55131
974,2,29105
975,2,42085
976,3,05031
977,2,29195
978,2,17193
979,1,17039
980,1,32033
981,1,27049
982,2,37173
983,3,12101
984,3,12119
985,3,36059
986,1,38091
987,2,18163
988,2,29071
989,2,37011
990,2,54107
991,2,55007
992,2,47161
993,1,55097
994,3,45063
995,2,24003
996,1,55039
997,2,54101
998,2,55061
999,2,48369
1000,3,40151
1001,2,21063
1002,2,25003
1003,2,29041
1004,1,08103
1005,1,08087
1006,2,41045
1007,2,34023
1008,1,20167
1009,1,17155
1010,2,46055
1011,1,47111
1012,3,05023
1013,3,01109
1014,3,16003
1015,2,25005
1016,1,42107
1017,1,38103
1018,2,37045
1019,3,05059
1020,1,24021
1021,1,17169
1022,2,06051
1023,2,06109
1024,2,35013
1025,3,13081
1026,3,05027
1027,1,38039
1028,3,06095
1029,1,19043
1030,3,48449
1031,1,54027
1032,3,37125
1033,1,20009
1034,1,38087
1035,3,22083
1036,3,31071
1037,3,22099
1038,2,01119
1039,2,01133
1040,3,12117
1041,3,28035
1042,2,26065
1043,2,20177
1044,1,46061
1045,2,27061
1046,1,08073
1047,1,36053
1048,1,36115
1049,1,18081
1050,3,48445
1051,2,35021
1052,1,01121
1053,1,55067
1054,3,48155
1055,1,19021
1056,1,19129
1057,3,48385
1058,1,39041
1059,2,37067
1060,1,32510
1061,1,19049
1062,2,48065
1063,3,13261
1064,2,29223
1065,2,45007
1066,1,56007
1067,1,30093
1068,1,17177
1069,2,26087
1070,3,22027
1071,3,28161
1072,3,26079
1073,3,22039
1074,3,47069
1075,2,04003
1076,2,35023
1077,1,38023
1078,2,06071
1079,1,08083
1080,3,28023
1081,1,19125
1082,1,31055
1083,1,51600
1084,3,40057
1085,2,29039
1086,2,13059
1087,1,16085
1088,3,48275
1089,3,05103
1090,1,39037
1091,3,40071
1092,2,46041
1093,3,41057
1094,2,13077
1095,3,28127
1096,3,28131
1097,2,06013
1098,3,47017
1099,3,51087
1100,2,18119
1101,3,36119
1102,2,29017
1103,3,54047
1104,2,54033
1105,3,37077
1106,1,09009
1107,1,31139
1108,3,13023
1109,3,13033
1110,2,17181
1111,2,17091
1112,1,38051
1113,1,31141
1114,2,37185
1115,3,13197
1116,1,46027
1117,3,10005
1118,2,13159
1119,2,29175
1120,2,20015
1121,3,48209
1122,3,48325
1123,3,26105
1124,3,45013
1125,1,46135
1126,1,55105
1127,2,45077
1128,2,53013
1129,1,18023
1130,2,17027
1131,2,16067
1132,1,42113
1133,3,28121
1134,3,48345
1135,3,41039
1136,3,48485
1137,2,26155
1138,1,20089
1139,1,20123
1140,3,12007
1141,3,28091
1142,3,28039
1143,1,17085
1144,1,18059
1145,3,51620
1146,3,48329
1147,1,20171
1148,1,30013
1149,1,51660
1150,2,17199
1151,1,30029
1152,2,20189
1153,1,21067
1154,2,21091
1155,1,46013
1156,2,54001
1157,1,47181
1158,2,31013
1159,1,42097
1160,3,48469
1161,1,51530
1162,3,26147
1163,1,31173
1164,2,50015
1165,2,51067
1166,3,40011
1167,2,53037
1168,1,18135
1169,2,49025
1170,2,54093
1171,1,55023
1172,1,01071
1173,1,19123
1174,1,20045
1175,2,21059
1176,2,21197
1177,2,29097
1178,2,41061
1179,2,13151
1180,1,38001
1181,3,37137
1182,3,21083
1183,2,42021
1184,1,47107
1185,2,26093
1186,1,08001
1187,1,42069
1188,3,40123
1189,3,40037
1190,3,48457
1191,2,47175
1192,3,40125
1193,2,09013
1194,2,35053
1195,3,13003
1196,3,12031
1197,3,48145
1198,3,05149
1199,2,20033
1200,1,21113
1201,1,21171
1202,3,40075
1203,1,46079
1204,2,37033
1205,2,48377
1206,1,39057
1207,3,48489
1208,2,35028
1209,2,02122
1210,3,01003
1211,1,19007
1212,3,51127
1213,2,13263
1214,2,36049
1215,2,54015
1216,2,18077
1217,2,51019
1218,1,35033
1219,1,31011
1220,2,29149
1221,2,47083
1222,1,42131
1223,3,37107
1224,2,18167
1225,1,18039
1226,2,51077
1227,2,48303
1228,1,27093
1229,1,39005
1230,1,31119
1231,3,12085
1232,2,08079
1233,2,13085
1234,3,13167
1235,3,05095
1236,2,29059
1237,1,51143
1238,3,02068
1239,1,20145
1240,1,20209
1241,3,12029
1242,3,26157
1243,2,02240
1244,1,20065
1245,3,22097
1246,1,47055
1247,2,39095
1248,3,05093
1249,2,18043
1250,2,20129
1251,2,21081
1252,1,21217
1253,2,37075
1254,3,54045
1255,2,54073
1256,1,51071
1257,2,54019
1258,3,53061
1259,2,35015
1260,3,31117
1261,1,31145
1262,3,31149
1263,1,47085
1264,1,17125
1265,1,51197
1266,3,13303
1267,2,53077
1268,3,05143
1269,3,48213
1270,2,55035
1271,3,47153
1272,3,48471
1273,2,04005
1274,2,20191
1275,3,26127
1276,1,27065
1277,2,39007
1278,2,06003
1279,3,48167
1280,2,01011
1281,1,17105
1282,1,39135
1283,2,39079
1284,3,48201
1285,1,25017
1286,3,48115
1287,1,36069
1288,3,02261
1289,2,01001
1290,2,20121
1291,3,13091
1292,1,36023
1293,3,13039
1294,1,26161
1295,1,18087
1296,3,48371
1297,3,13225
1298,2,13311
1299,3,13163
1300,2,55083
1301,3,48347
1302,1,44009
1303,1,53047
1304,1,53063
1305,2,55041
1306,2,55113
1307,2,34017
1308,1,39151
1309,3,48187
1310,3,53029
1311,1,54037
1312,2,51153
1313,1,42029
1314,1,54055
1315,1,47145
1316,3,53009
1317,1,53065
1318,1,19177
1319,1,31073
1320,3,28095
1321,3,12033
1322,3,48439
1323,2,24033
1324,1,51169
1325,3,48239
1326,3,40085
1327,3,13289
1328,2,39099
1329,2,01087
1330,2,17191
1331,2,48437
1332,2,29151
1333,1,17089
1334,2,06017
1335,3,45055
1336,3,37073
1337,1,08089
1338,3,41019
1339,1,42089
1340,3,05101
1341,1,38019
1342,3,40103
1343,1,20063
1344,3,22077
1345,1,31067
1346,2,01115
1347,3,28123
1348,3,13095
1349,1,18061
1350,1,16017
1351,2,13047
1352,3,22059
1353,2,23027
1354,1,24027
1355,2,49035
1356,3,09003
1357,2,09015
1358,3,12087
1359,1,39157
1360,3,36085
1361,2,39071
1362,2,27077
1363,2,16011
1364,1,45045
1365,1,46085
1366,2,55121
1367,3,06113
1368,3,48431
1369,3,48495
1370,2,46071
1371,1,49041
1372,3,51036
1373,3,01023
1374,2,18083
1375,2,31047
1376,1,20057
1377,1,38105
1378,1,38017
1379,2,17069
1380,3,31005
1381,3,48163
1382,1,19103
1383,2,20133
1384,2,21089
1385,2,20107
1386,2,49017
1387,1,32011
1388,1,31085
1389,1,08095
1390,3,05013
1391,2,02090
1392,2,21101
1393,3,28051
1394,3,28105
1395,1,30027
1396,2,24023
1397,3,22119
1398,1,26059
1399,2,21141
1400,2,46033
1401,2,33013
1402,1,42133
1403,2,37161
1404,1,46005
1405,2,01043
1406,2,13097
1407,1,31097
1408,3,37187
1409,2,46075
1410,3,37007
1411,3,02100
1412,1,38007
1413,2,31003
1414,2,29073
1415,2,21031
1416,1,56005
1417,2,13211
1418,3,05037
1419,3,05107
1420,3,22093
1421,2,06115
1422,2,01117
1423,1,08091
1424,2,35009
1425,3,40149
1426,3,37135
1427,2,18131
1428,3,26019
1429,1,36029
1430,1,24031
1431,1,51685
1432,2,51013
1433,2,51035
1434,2,29183
1435,2,06069
1436,3,24035
1437,1,20013
1438,3,13031
1439,2,21071
1440,1,30007
1441,3,13309
1442,3,37049
1443,1,29087
1444,2,48295
1445,2,41009
1446,3,45041
1447,1,38061
1448,2,49053
1449,1,30003
1450,2,42047
1451,2,31165
1452,3,28031
1453,2,18013
1454,1,18019
1455,1,21021
1456,2,21065
1457,3,48087
1458,3,48089
1459,1,17063
1460,1,27081
1461,3,13109
1462,3,48497
1463,3,02050
1464,3,13307
1465,3,13169
1466,1,13135
1467,2,55095
1468,1,55045
1469,1,36079
1470,3,51700
1471,1,08011
1472,3,40065
1473,1,30089
1474,3,48173
1475,3,05047
1476,3,40093
1477,2,47125
1478,1,53051
1479,1,38055
1480,2,41027
1481,1,19197
1482,3,48419
1483,2,29055
1484,1,51017
1485,1,27111
1486,3,22075
1487,2,28115
1488,3,22067
1489,1,21029
1490,2,01047
1491,3,48093
1492,1,30053
1493,2,27021
1494,2,08007
1495,3,28163
1496,2,55087
1497,2,29107
1498,3,37195
1499,1,39117
1500,1,30039
1501,1,38031
1502,3,05033
1503,3,48053
1504,2,29186
1505,2,48179
1506,1,17109
1507,1,19137
1508,3,05067
1509,2,48229
1510,3,22079
1511,3,31111
1512,3,48067
1513,3,47079
1514,1,51840
1515,3,37061
1516,2,37087
1517,1,27037
1518,2,41025
1519,2,55001
1520,2,29045
1521,2,21015
1522,2,21229
1523,3,22009
1524,3,28137
1525,2,29227
1526,2,31163
1527,1,46021
1528,2,46063
1529,3,26057
1530,1,19175
1531,3,17127
1532,3,31113
1533,2,31121
1534,2,31161
1535,3,21039
1536,1,56025
1537,3,13321
1538,2,18109
1539,3,48139
1540,3,13229
1541,1,18053
1542,3,12035
1543,3,28077
1544,3,22127
1545,1,17073
1546,3,41041
1547,1,23031
1548,1,46029
1549,2,13231
1550,3,13259
1551,1,34025
1552,3,05021
1553,3,05045
1554,2,40041
1555,1,19107
1556,1,17061
1557,2,27075
1558,2,13285
1559,3,06023
1560,2,47043
1561,2,27003
1562,1,46009
1563,1,47059
1564,3,51183
1565,1,18141
1566,1,38067
1567,2,46007
1568,3,22115
1569,1,23019
1570,3,24041
1571,2,13257
1572,2,06065
1573,2,05005
1574,3,28007
1575,1,19169
1576,2,20011
1577,1,51049
1578,3,45085
1579,3,02164
1580,3,54109
1581,2,06029
1582,3,48097
1583,3,45075
1584,2,55119
1585,1,27099
1586,1,27101
1587,2,44007
1588,2,29161
1589,3,28117
1590,2,21235
1591,2,18149
1592,3,48491
1593,1,19131
1594,3,13107
1595,3,22025
1596,1,42025
1597,1,31133
1598,2,47171
1599,2,45083
1600,1,55073
1601,2,32007
1602,2,54007
1603,3,26165
1604,3,48079
1605,1,42013
1606,2,29085
1607,2,29009
1608,1,27123
1609,3,05081
1610,1,32019
1611,3,12071
1612,3,41033
1613,3,28113
1614,2,47031
1615,1,16059
1616,2,21183
1617,1,31153
1618,3,13071
1619,1,27167
1620,2,17157
1621,1,23011
1622,1,51173
1623,2,35041
1624,2,42111
1625,1,51191
1626,3,37081
1627,2,16001
1628,3,40039
1629,1,39101
1630,1,17149
1631,1,17203
1632,2,13245
1633,2,01107
1634,2,40045
1635,2,17145
1636,1,19075
1637,2,08107
1638,1,34035
1639,3,06011
1640,2,17087
1641,2,08053
1642,2,16031
1643,2,27059
1644,2,42049
1645,3,28029
1646,3,48467
1647,1,51161
1648,1,51015
1649,3,02060
1650,1,49031
1651,2,21161
1652,2,27009
1653,2,48129
1654,3,12005
1655,1,01077
1656,1,18045
1657,2,17173
1658,2,17051
1659,1,39127
1660,1,51590
1661,2,13011
1662,3,13305
1663,3,40109
1664,3,40069
1665,2,37099
1666,2,49043
1667,2,29167
1668,1,32015
1669,1,19191
1670,2,21023
1671,2,55037
1672,2,54087
1673,1,27159
1674,3,51670
1675,1,17201
1676,2,04007
1677,3,24045
1678,2,21043
1679,2,37097
1680,2,51083
1681,3,37091
1682,2,36057
1683,1,27113
1684,3,53073
1685,2,41021
1686,3,34029
1687,2,05009
1688,3,40031
1689,3,48253
1690,3,48185
1691,2,26049
1692,3,22007
1693,3,28013
1694,3,28041
1695,1,30017
1696,1,46109
1697,1,17141
1698,1,38077
1699,2,55005
1700,2,55051
1701,1,27157
1702,3,06015
1703,3,40127
1704,3,53007
1705,2,26141
1706,3,40027
1707,1,36105
1708,2,37149
1709,3,37165
1710,3,37085
1711,3,37105
1712,1,18159
1713,1,20027
1714,3,40145
1715,1,30083
1716,3,05003
1717,3,05041
1718,1,47135
1719,1,27163
1720,3,51740
1721,2,42051
1722,1,54023
1723,1,51171
1724,3,48235
1725,2,29025
1726,3,12107
1727,2,18025
1728,2,29111
1729,3,31075
1730,2,16071
1731,1,17139
1732,2,21107
1733,1,16035
1734,2,21013
1735,2,27035
1736,2,04009
1737,3,05123
1738,3,13101
1739,3,02070
1740,1,20105
1741,1,20183
1742,3,12065
1743,3,28005
1744,2,05097
1745,1,26025
1746,1,01029
1747,1,08123
1748,3,40009
1749,3,06049
1750,1,19153
1751,3,13179
1752,3,48349
1753,3,48047
1754,1,47187
1755,1,56021
1756,2,53003
1757,1,27155
1758,1,17017
1759,2,13247
1760,1,42067
1761,2,42083
1762,3,40049
1763,1,31021
1764,2,35045
1765,2,36073
1766,3,22031
1767,2,06019
1768,2,13105
1769,2,01005
1770,3,37017
1771,2,48111
1772,1,17167
1773,3,40035
1774,3,47035
1775,2,26137
1776,1,19161
1777,2,49015
1778,1,53019
1779,1,30109
1780,2,35027
1781,2,40021
1782,1,27173
1783,3,48231
1784,3,48335
1785,3,48499
1786,3,40113
1787,1,37039
1788,3,26107
1789,2,21195
1790,3,12067
1791,2,37035
1792,2,21025
1793,3,48075
1794,2,29181
1795,1,17179
1796,2,48243
1797,1,51678
1798,2,05135
1799,1,08069
1800,3,37177
1801,1,27131
1802,2,29219
1803,1,21227
1804,3,22017
1805,2,46121
1806,1,19127
1807,3,40141
1808,2,37113
1809,1,54063
1810,2,18155
1811,3,21105
1812,3,01061
1813,1,17099
1814,1,19055
1815,2,20127
1816,1,19051
1817,1,16015
1818,2,55081
1819,3,37143
1820,3,12047
1821,2,02170
1822,1,18035
1823,3,12075
1824,3,28045
1825,3,13315
1826,3,22081
1827,1,47093
1828,1,23017
1829,1,29095
1830,2,13281
1831,3,28129
1832,2,16075
1833,1,16079
1834,3,37095
1835,1,19067
1836,3,21145
1837,2,21225
1838,1,46125
1839,2,47029
1840,1,47067
1841,2,47071
1842,3,45067
1843,3,22117
1844,3,29207
1845,3,13093
1846,1,27145
1847,1,31155
1848,1,27141
1849,1,46035
1850,1,47025
1851,3,48337
1852,3,48049
1853,2,55101
1854,1,55115
1855,1,19009
1856,3,48207
1857,3,40083
1858,2,36065
1859,1,08065
1860,3,40121
1861,2,54017
1862,2,54105
1863,1,33003
1864,2,54095
1865,1,27079
1866,2,53017
1867,1,36009
1868,1,55027
1869,1,19105
1870,2,20007
1871,2,29169
1872,3,01045
1873,1,20109
1874,2,06039
1875,2,29075
1876,3,31009
1877,2,49009
1878,2,56031
1879,2,37071
1880,2,35019
1881,2,30037
1882,3,37101
1883,2,06085
1884,3,45019
1885,2,53005
1886,2,29001
1887,2,39043
1888,1,17183
1889,2,29189
1890,1,17007
1891,3,06103
1892,1,55025
1893,3,48151
1894,3,22085
1895,1,17137
1896,3,13235
1897,3,37015
1898,3,37167
1899,3,47143
1900,3,37079
1901,2,21131
1902,2,24039
1903,1,17123
1904,2,21143
1905,3,48095
1906,3,48081
1907,2,47133
1908,3,26063
1909,3,26069
1910,3,13069
1911,3,13299
1912,1,38037
1913,3,22051
1914,3,22103
1915,1,19083
1916,3,22023
1917,1,39027
1918,2,27137
1919,2,39093
1920,1,19015
1921,3,48373
1922,1,31051
1923,1,24025
1924,3,45037
1925,3,51001
1926,2,55015
1927,2,21121
1928,2,26067
1929,3,37129
1930,3,47131
1931,3,21035
1932,2,51003
1933,2,47147
1934,1,51043
1935,2,53023
1936,2,21109
1937,2,27031
1938,2,45073
1939,3,22033
1940,3,28021
1941,2,24037
1942,2,26081
1943,3,37147
1944,1,30009
1945,1,31167
1946,3,13001
1947,1,19099
1948,3,28153
1949,3,48101
1950,3,51081
1951,2,12105
1952,3,48503
1953,3,01123
1954,2,33015
1955,2,08105
1956,1,19149
1957,1,36123
1958,3,53033
1959,3,41017
1960,1,19155
1961,2,29229
1962,1,30101
1963,1,36107
1964,3,48287
1965,1,13121
1966,3,48073
1967,2,29007
1968,3,45029
1969,1,55055
1970,3,05055
1971,3,48191
1972,2,55013
1973,2,35057
1974,3,53049
1975,3,37141
1976,3,48221
1977,1,46117
1978,2,32031
1979,3,21007
1980,3,48009
1981,3,48023
1982,3,48405
1983,2,32029
1984,3,13249
1985,1,09001
1986,3,48313
1987,3,06077
1988,3,28159
1989,2,21103
1990,1,21167
1991,3,31183
1992,2,21135
1993,1,27051
1994,3,28053
1995,3,01025
1996,2,20017
1997,2,21221
1998,3,01069
1999,1,46003
2000,3,02013
2001,1,31061
2002,3,24029
2003,2,20037
2004,1,27023
2005,2,46103
2006,3,45049
2007,1,16043
2008,3,13029
2009,1,51053
2010,3,12111
2011,2,36055
2012,1,46083
2013,2,55017
2014,2,20207
2015,3,21157
2016,3,13065
2017,3,13185
2018,3,15005
2019,3,15007
2020,3,26099
2021,3,13287
2022,2,17079
2023,3,48331
2024,2,18147
2025,1,21099
2026,1,21137
2027,1,30005
2028,3,51710
2029,2,48389
2030,1,51155
2031,3,37179
2032,1,38053
2033,3,12091
2034,2,06001
2035,1,17013
2036,1,18085
2037,2,28103
2038,3,05147
2039,2,34015
2040,2,33011
2041,1,30045
2042,1,37121
2043,1,30077
2044,3,41053
2045,2,41065
2046,1,46105
2047,1,19173
2048,3,01129
2049,2,39039
2050,1,54025
2051,2,17121
2052,2,51051
2053,1,51007
2054,3,13243
2055,2,35029
2056,3,48355
2057,2,56045
2058,1,17187
2059,1,01089
2060,1,47189
2061,3,48063
2062,3,40067
2063,2,54085
2064,1,19145
2065,2,20087
2066,3,22045
2067,3,02158
2068,3,37133
2069,1,27043
2070,1,47057
2071,3,48161
2072,1,42087
2073,3,01041
2074,1,51520
2075,3,48399
2076,2,48443
2077,1,20153
2078,1,20193
2079,3,13161
2080,1,19035
2081,3,05145
2082,3,28083
2083,2,29053
2084,2,26043
2085,2,17197
2086,2,48117
2087,1,46011
2088,1,29047
2089,3,28027
2090,1,18011
2091,1,19057
2092,1,19163
2093,1,20143
2094,2,12023
2095,3,12059
2096,3,28047
2097,1,47011
2098,2,27017
2099,3,48315
2100,1,36095
2101,3,40117
2102,1,36007
2103,3,48291
2104,2,39009
2105,1,39081
2106,2,54083
2107,2,54049
2108,2,34011
2109,2,06057
2110,2,55031
2111,1,21199
2112,3,37065
2113,3,48241
2114,2,49001
2115,3,13213
2116,1,18075
2117,2,26117
2118,1,36083
2119,3,12021
2120,2,35031
2121,3,13017
2122,3,05077
2123,3,12003
2124,3,13173
2125,1,20159
2126,1,01015
2127,3,28059
2128,2,21037
2129,1,21057
2130,3,28107
2131,2,48195
2132,3,48071
2133,3,13239
2134,3,48199
2135,2,09005
2136,2,39143
2137,1,23021
2138,3,17153
2139,3,40107
2140,3,26145
2141,1,35039
2142,2,50005
2143,1,51023
2144,2,17119
2145,3,48085
2146,2,45001
2147,1,31053
2148,3,12115
2149,2,55077
2150,2,04015
2151,2,04025
2152,3,45051
2153,1,42091
2154,3,16061
2155,2,51720
2156,1,34027
2157,2,29211
2158,1,20135
2159,3,48039
2160,1,51790
2161,2,31029
2162,1,39113
2163,3,48447
2164,2,13221
2165,3,05029
2166,1,29147
2167,1,38073
2168,3,26017
2169,3,47157
2170,3,06007
2171,2,27115
2172,3,48021
2173,2,53039
2174,3,53055
2175,2,55009
2176,2,20205
2177,3,22069
2178,3,22109
2179,3,13155
2180,3,02185
2181,3,26011
2182,1,19111
2183,1,20141
2184,2,26047
2185,1,19071
2186,1,23015
2187,1,36099
2188,2,21125
2189,1,47121
2190,2,29213
2191,3,13269
2192,3,51830
2193,3,48415
2194,1,08047
2195,3,40087
2196,1,54071
2197,1,51139
2198,3,40079
2199,1,54089
2200,3,37119
2201,2,34013
2202,2,29115
2203,3,13209
2204,2,41055
2205,2,13133
2206,1,46017
2207,2,46095
2208,3,48135
2209,3,48293
2210,3,53027
2211,1,54003
2212,1,30067
2213,3,48121
2214,2,45021
2215,2,37199
2216,3,48387
2217,3,48321
2218,1,27149
2219,3,13301
2220,3,48197
2221,2,17133
2222,3,13165
2223,2,21085
2224,3,48363
2225,2,13149
2226,1,01079
2227,3,28093
2228,2,20025
2229,1,20081
2230,3,22013
2231,2,13295
2232,1,19095
2233,2,31019
2234,2,40007
2235,1,19023
2236,1,30085
2237,3,53015
2238,3,48297
2239,2,29135
2240,3,51193
2241,2,37197
2242,3,06047
2243,3,40043
2244,2,37023
2245,3,37191
2246,2,42123
2247,3,05061
2248,3,37059
2249,2,37111
2250,3,05099
2251,1,08125
2252,2,48421
2253,3,48463
2254,1,39011
2255,3,22015
2256,1,19063
2257,1,20169
2258,2,21153
2259,2,48017
2260,2,29027
2261,1,56001
2262,1,56029
2263,1,42093
2264,3,36081
2265,3,12121
2266,3,26031
2267,3,26051
2268,2,21173
2269,3,45057
2270,2,21123
2271,1,19193
2272,3,12123
2273,3,17003
2274,2,29099
2275,2,29113
2276,3,13051
2277,2,12125
2278,1,36037
2279,1,19041
2280,1,30025
2281,1,46107
2282,2,48109
2283,1,23005
2284,3,48013
2285,1,20095
2286,2,13241
2287,2,54097
2288,2,29215
2289,3,05119
2290,1,19047
2291,2,16005
2292,2,39055
2293,2,06107
2294,2,36117
2295,1,51163
2296,1,38095
2297,1,42045
2298,2,36063
2299,2,50003
2300,3,12019
2301,2,37183
2302,1,39061
2303,2,34003
2304,1,32017
2305,3,02180
2306,1,30055
2307,1,19019
2308,2,17043
2309,2,46047
2310,1,27069
2311,2,13219
2312,3,48493
2313,1,31059
2314,3,12079
2315,2,18153
2316,2,04012
2317,3,13027
2318,3,02016
2319,3,02150
2320,2,20185
2321,3,13271
2322,2,26115
2323,1,18181
2324,1,18113
2325,2,21139
2326,3,13201
2327,1,47103
2328,2,21211
2329,1,31185
2330,1,42001
2331,3,45005
2332,1,47037
2333,1,49047
2334,2,49049
2335,2,18021
2336,3,36047
2337,2,29141
2338,1,39075
2339,1,19143
2340,1,18079
2341,2,16083
2342,2,17165
2343,1,26077
2344,3,45061
2345,1,56019
2346,2,18027
2347,3,26055
2348,3,22003
2349,1,46065
2350,1,46069
2351,3,45027
2352,1,30095
2353,3,47007
2354,2,21219
2355,3,47183
2356,2,29077
2357,1,42077
2358,1,31159
2359,1,36015
2360,1,36121
2361,3,06099
2362,1,42095
2363,1,01103
2364,2,21027
2365,3,28043
2366,2,21213
2367,3,50013
2368,1,39029
2369,2,51125
2370,3,12097
2371,3,05053
2372,3,13175
2373,3,36061
2374,2,05007
2375,2,12083
2376,1,51135
2377,1,34041
2378,1,36021
2379,3,51690
2380,3,40023
2381,1,20041
2382,3,48427
2383,3,13103
2384,3,40129
2385,1,55103
2386,2,35025
2387,2,01075
2388,1,47117
2389,1,51011
2390,3,05087
2391,1,56033
2392,1,42041
2393,1,42055
2394,1,42079
2395,3,26039
2396,2,01113
2397,1,39019
2398,1,51065
2399,2,17097
2400,2,13195
2401,3,05039
2402,1,08057
2403,1,08063
2404,2,16073
2405,1,55141
2406,1,36013
2407,1,13067
2408,2,47091
2409,1,39013
2410,2,51195
2411,2,29035
2412,3,40013
2413,1,31035
2414,2,24017
2415,1,19033
2416,1,19073
2417,2,21205
2418,2,49055
2419,2,29031
2420,2,53071
2421,3,29133
2422,3,05025
2423,3,48113
2424,1,18033
2425,3,22073
2426,3,22095
2427,3,22091
2428,2,29197
2429,1,01059
2430,2,21041
2431,1,08019
2432,3,48267
2433,3,26097
2434,3,48307
2435,3,28141
2436,3,48105
2437,3,48217
2438,1,08075
2439,1,20055
2440,2,20125
2441,3,45039
2442,2,31033
2443,1,27091
2444,2,47155
2445,2,47139
2446,3,48263
2447,1,30099
2448,3,31069
2449,2,17117
2450,1,39141
2451,1,17195
2452,3,48141
2453,3,48301
2454,3,40077
2455,2,39167
2456,2,29091
2457,2,20047
2458,1,21111
2459,1,17107
2460,2,55139
2461,3,21075
2462,2,20079
2463,1,30021
2464,2,54091
2465,3,26111
2466,3,28119
2467,2,21093
2468,2,17081
2469,1,46057
2470,2,55069
2471,3,36033
2472,3,51630
2473,2,54081
2474,2,35005
2475,1,35049
2476,3,06059
2477,2,04023
2478,3,37053
2479,2,17101
2480,1,18067
2481,2,18125
2482,2,21047
2483,2,26045
2484,1,19179
2485,3,06025
2486,1,26027
2487,3,28157
2488,3,02282
2489,1,20179
2490,3,28079
2491,2,28025
2492,3,28037
2493,3,28099
2494,1,46045
2495,3,01035
2496,2,18029
2497,2,18071
2498,2,28081
2499,3,22125
2500,3,05035
2501,3,12063
2502,3,48125
2503,3,51115
2504,1,38075
2505,3,48283
2506,1,36067
2507,1,19087
2508,1,31083
2509,1,30075
2510,1,55091
2511,2,04001
2512,2,29121
2513,2,48279
2514,1,20097
2515,3,48015
2516,2,29061
2517,3,13253
2518,3,26101
2519,1,19119
2520,2,48233
2521,2,40139
2522,3,40153
2523,1,19003
2524,3,06101
2525,2,42105
2526,3,48465
2527,2,20077
2528,1,19133
2529,2,49023
2530,3,40137
2531,1,36017
2532,1,17143
2533,1,19091
2534,1,31177
2535,1,55049
2536,2,27097
2537,1,42003
2538,2,29205
2539,1,39097
2540,1,20201
2541,1,17019
2542,3,16087
2543,1,17045
2544,1,08121
2545,1,39065
2546,3,26113
2547,1,38093
2548,2,29203
2549,3,48423
2550,3,40143
2551,3,40091
2552,3,48395
2553,3,48171
2554,2,26125
2555,1,38033
2556,1,56027
2557,1,27117
2558,3,51099
2559,2,53025
2560,1,27129
2561,2,12001
2562,3,31091
2563,2,51147
2564,1,49007
2565,1,42017
2566,1,46059
2567,1,42081
2568,1,16057
2569,3,13237
2570,2,51640
2571,2,35037
2572,3,48269
2573,3,05073
2574,3,48451
2575,3,12049
2576,2,39025
2577,3,48501
2578,2,41071
2579,1,19115
2580,2,20049
2581,2,39121
2582,2,39137
2583,3,48425
2584,1,42075
2585,1,30035
2586,1,32027
2587,1,27087
2588,2,34031
2589,1,30047
2590,3,48261
2591,3,48033
2592,2,29157
2593,3,48411
2594,3,40073
2595,3,48051
2596,3,36035
2597,3,28133
2598,1,27053
2599,1,42027
2600,3,48025
2601,2,47077
2602,1,19171
2603,2,20175
2604,1,19135
2605,1,31147
2606,2,17021
2607,3,12089
2608,3,12133
2609,3,13007
2610,3,13275
2611,2,21005
2612,2,21185
2613,2,13057
2614,1,38065
2615,3,26133
2616,2,47109
2617,2,53001
2618,2,29057
2619,3,22101
2620,3,50007
2621,3,15009
2622,3,22057
2623,1,19139
2624,3,12113
2625,2,18101
2626,2,21203
2627,2,21223
2628,3,13055
2629,3,45033
2630,3,37103
2631,2,29199
2632,1,20131
2633,1,20137
2634,1,31065
2635,3,13087
2636,1,18177
2637,1,21009
2638,2,31093
2639,1,38025
2640,2,06005
2641,2,47049
2642,2,20031
2643,1,26023
2644,1,51031
2645,2,39105
2646,2,54067
2647,3,40053
2648,1,46115
2649,2,50027
2650,3,48455
2651,1,35001
2652,3,13205
2653,3,15001
2654,2,21147
2655,1,21191
2656,2,21215
2657,1,30041
2658,2,31175
2659,2,48069
2660,1,24043
2661,2,21133
2662,2,34033
2663,2,51680
2664,3,05125
2665,2,54053
2666,2,54021
2667,3,28063
2668,1,38079
2669,2,30103
2670,1,21049
2671,3,26005
2672,2,47005
2673,1,27015
2674,2,47137
2675,1,51109
2676,1,18145
2677,1,39049
2678,2,49021
2679,2,32009
2680,2,26083
2681,1,49039
2682,1,20093
2683,3,12009
2684,1,18105
2685,1,19117
2686,1,21239
2687,3,45053
2688,2,48043
2689,3,45065
2690,3,45087
2691,1,27103
2692,2,55075
2693,1,53011
2694,2,55099
2695,1,18103
2696,1,20053
2697,3,22123
2698,3,12077
2699,1,20083
2700,1,20119
2701,2,21149
2702,3,28001
2703,3,28057
2704,1,21073
2705,1,23009
2706,2,23013
2707,2,13217
2708,1,46049
2709,2,26061
2710,1,30061
2711,3,47051
2712,3,22029
2713,3,22063
2714,1,25009
2715,2,46019
2716,1,08035
2717,3,45079
2718,1,18095
2719,3,40099
2720,1,54009
2721,2,54013
2722,1,51021
2723,2,30111
2724,2,54043
2725,3,06033
2726,3,13131
2727,2,08021
2728,2,49037
2729,1,18133
2730,1,16047
2731,3,47167
2732,3,22121
2733,2,29171
2734,1,56039
2735,1,55043
2736,1,38059
2737,3,37041
2738,1,37021
2739,2,06063
2740,1,51730
2741,2,50023
2742,2,46093
2743,1,18097
2744,3,05017
2745,3,13021
2746,3,05115
2747,3,51175
2748,3,48183
2749,3,36087
2750,2,05089
2751,3,51800
2752,1,08041
2753,2,29187
2754,3,48475
2755,1,08061
2756,3,48487
2757,3,41015
2758,1,08119
2759,1,29049
2760,2,49051
2761,2,16029
2762,1,37157
2763,3,05117
2764,3,05011
2765,3,48193
2766,3,24011
2767,1,27041
2768,1,30043
2769,1,51059
2770,1,30023
2771,1,47001
2772,1,39077
2773,3,13005
2774,3,10001
2775,2,39173
2776,2,13157
2777,2,20003
2778,1,17095
2779,2,30107
2780,2,47015
2781,1,23007
2782,2,21165
2783,1,46089
2784,1,08051
2785,2,26029
2786,1,27151
2787,1,39147
2788,3,13267
2789,3,48429
2790,3,37117
2791,1,30081
2792,3,13317
2793,2,53043
2794,2,06081
2795,2,39171
2796,1,08009
2797,1,16021
2798,2,16007
2799,1,39159
2800,2,39035
2801,3,48285
2802,3,40105
2803,3,13125
2804,2,41059
2805,2,46102
2806,1,20117
2807,3,22065
2808,1,30105
2809,2,13313
2810,1,20203
2811,1,46023
2812,1,31027
2813,3,53035
2814,2,17111
2815,2,30069
2816,2,29033
2817,2,53075
2818,1,27147
2819,1,31169
2820,3,47033
2821,1,19079
2822,1,39165
2823,2,13255
2824,1,34019
2825,2,29217
2826,2,18121
2827,1,19069
2828,2,13035
2829,1,08039
2830,3,44001
2831,3,48035
2832,2,44005
2833,1,39045
2834,1,38069
2835,1,17015
2836,1,27125
2837,2,41031
2838,2,47021
2839,1,46127
2840,2,01051
2841,2,13187
2842,1,39083
2843,1,19017
2844,3,48175
2845,1,37089
2846,3,12061
2847,2,48393
2848,2,31049
2849,1,36051
2850,1,19141
2851,3,48059
2852,3,48379
2853,1,20067
2854,1,51105
2855,2,35051
2856,3,05043
2857,2,31123
2858,2,29015
2859,3,05109
2860,1,08077
2861,2,29065
2862,1,51185
2863,2,42103
2864,1,42115
2865,3,48343
2866,2,42125
2867,2,50001
2868,1,20103
2869,3,26121
2870,3,28049
2871,3,48281
2872,2,51107
2873,2,29185
2874,1,36025
2875,1,30071
2876,2,29129
2877,3,53045
2878,3,37127
2879,3,51199
2880,2,29159
2881,1,30063
2882,2,20019
2883,3,48459
2884,2,51047
2885,3,40061
2886,1,54069
2887,1,54065
2888,1,51165
2889,1,18183
2890,3,06093
2891,1,46037
2892,3,22071
2893,2,01073
2894,2,01127
2895,2,29063
2896,3,12039
2897,3,13083
2898,3,28033
2899,1,51187
2900,2,17047
2901,1,47113
2902,2,01111
2903,2,37009
2904,1,08033
2905,1,39089
2906,1,51683
2907,3,05139
2908,1,17071
2909,2,01101
2910,1,08005
2911,1,21155
2912,3,53057
2913,3,28067
2914,2,55021
2915,3,37019
2916,2,27029
2917,3,51131
2918,1,20163
2919,1,18041
2920,2,31079
2921,1,31081
2922,3,31115
2923,1,30091
2924,1,31063
2925,2,01007
2926,3,28075
2927,1,27011
2928,1,27013
2929,1,51091
2930,1,51177
2931,2,33017
2932,3,13153
2933,3,26041
2934,3,05131
2935,2,06087
2936,3,13191
2937,2,13207
2938,3,29069
2939,3,48483
2940,2,13117
2941,3,48409
2942,3,28147
2943,2,29137
2944,3,26073
2945,2,48341
2946,3,45017
2947,1,56035
2948,2,21069
2949,2,55019
2950,2,45091
2951,1,18001
2952,3,22005
2953,1,42119
2954,1,51041
2955,3,22001
2956,2,42039
2957,2,46123
2958,1,19077
2959,1,19183
2960,1,46111
2961,3,40051
2962,3,54039
2963,1,55109
2964,1,42121
2965,1,39153
2966,3,13127
2967,3,48479
2968,3,37123
2969,1,23003
2970,3,28065
2971,1,18175
2972,3,48031
2973,1,51025
2974,3,47045
2975,3,47053
2976,3,51149
2977,3,05075
2978,1,38027
2979,3,53053
2980,2,16063
2981,1,42071
2982,2,55057
2983,3,47151
2984,1,46031
2985,2,46053
2986,2,37181
2987,2,21033
2988,3,45011
2989,2,47039
2990,1,18009
2991,2,01055
2992,1,16025
2993,2,20155
2994,3,47119
2995,1,56015
2996,2,55107
2997,1,55133
2998,2,21079
2999,2,25021
3000,1,18063
3001,2,17077
3002,3,45043
3003,1,38041
3004,1,49019
3005,2,49045
3006,3,51650
3007,1,55011
3008,1,51069
3009,2,54041
3010,1,27119
3011,1,27127
3012,3,47047
3013,3,22089
3014,3,05111
3015,3,12045
3016,1,47063
3017,2,01021
3018,3,48351
3019,2,48219
3020,3,13009
3021,1,37175
3022,2,37171
3023,3,01031
3024,1,39149
3025,2,16027
3026,1,30019
3027,2,12073
3028,3,40119
3029,3,01039
3030,1,18093
3031,1,20069
3032,1,21045
3033,1,21169
3034,1,21207
3035,3,22011
3036,1,23025
3037,2,40025
3038,2,21163
3039,1,21179
3040,2,21187
3041,3,29155
3042,1,31125
3043,1,55078
3044,3,48365
3045,2,21011
3046,3,48001
3047,3,51033
3048,1,19167
3049,3,06021
3050,2,29510
3051,2,13111
3052,1,46051
3053,1,46091
3054,3,53067
3055,1,31107
3056,2,35061
3057,1,30079
3058,1,19005
3059,3,48061
3060,3,48339
3061,1,08071
3062,2,48299
3063,2,48319
3064,2,37043
3065,1,36071
3066,2,36093
3067,3,54059
3068,2,20197
3069,1,27055
3070,2,21181
3071,2,25023
3072,3,36005
3073,3,37055
3074,2,39103
3075,1,42005
3076,3,34001
3077,2,55071
3078,1,55029
3079,3,37047
3080,2,39053
3081,3,48441
3082,3,51570
3083,1,39031
3084,2,31135
3085,2,48205
3086,1,08049
3087,3,48249
3088,1,19189
3089,2,06079
3090,3,01067
3091,1,39175
3092,3,48505
3093,3,13177
3094,2,21019
3095,1,27019
3096,1,31037
3097,3,45025
3098,1,47101
3099,2,41067
3100,3,51810
3101,1,30057
3102,3,51103
3103,2,29013
3104,2,33001
3105,3,51159
3106,3,02230
3107,3,02105
3108,2,53021
3109,1,19093
3110,2,20173
3111,3,48453
3112,2,12057
3113,1,34021
3114,1,31023
3115,1,42129
3116,3,12015
3117,1,19029
3118,1,39107
3119,2,21115
3120,1,44003
3121,2,50025
3122,2,50019
3123,1,20085
3124,3,22041
3125,3,28155
3126,2,25011
3127,3,31031
3128,1,30001
3129,3,29143
3130,3,05057
3131,2,29029
3132,2,51117
3133,2,21233
3134,3,40047
3135,1,53059
3136,1,26091
3137,2,13123
3138,1,27135
3139,3,28089
3140,3,48227
3141,2,54099
